OrderID,Date,Region,Product,Units,UnitPrice,Revenue
1001,2025-01-05,  North ,Laptop,2,899.50,1799.00
1001,2025-01-05,  North ,Laptop,2,899.50,1799.00
1002,01/08/2025,South,Monitor,5,210.00,1050.00
1003,2025-01-12,East,Keyboard,10,25.99,259.90
1004,"January 15, 2025",West,Mouse,15,12.50,187.50
1005,2025-01-20,North,Laptop,1,899.50,899.50
1006,,South,Monitor,3,210.00,630.00
1007,2025-02-02, East ,Keyboard,8,25.99,207.92
1008,2025-02-10,West,Mouse,20,12.50,250.00
1009,2025-02-14,North,Laptop,3,899.50,2698.50
1010,2025-02-18,South,,4,,1280.00
1011,2025-03-01,East,Monitor,2,210.00,420.00
1012,2025-03-05, West ,Keyboard,12,25.99,311.88
1013,2025-03-12,North,Mouse,25,12.50,312.50
1014,2025-03-20,South,Laptop,1,899.50,899.50
1014,2025-03-20,South,Laptop,1,899.50,899.50
1015,2025-04-01,East,Monitor,4,210.00,840.00
1016,2025-04-08,West,Keyboard,6,25.99,155.94
1017,2025-04-15,North,Mouse,18,12.50,225.00
1018,2025-04-22,South,Laptop,2,899.50,1799.00
1019,2025-05-01, East ,Monitor,3,210.00,630.00
1020,2025-05-07,West,Laptop,1,899.50,899.50
1021,2025-05-14,North,Keyboard,9,25.99,233.91
1022,2025-05-20,South,Mouse,30,12.50,375.00
1023,2025-05-28,East,Laptop,2,899.50,1799.00
1024,2025-06-03,West,Monitor,5,210.00,1050.00
1025,2025-06-10,North,Keyboard,7,25.99,181.93
1026,2025-06-17,South,Mouse,22,12.50,275.00
1027,2025-06-24,East,Laptop,4,899.50,3598.00
